Day,StartTime,EndTime
Monday,07:45,08:35
Monday,08:50,09:40
Monday,09:55,10:45
Monday,11:00,11:50
Monday,12:05,12:55
Monday,13:10,14:00
Monday,14:15,15:05
Monday,15:20,16:10
Monday,16:25,17:15
Monday,17:30,18:20
Tuesday,08:00,09:15
Tuesday,09:30,10:45
Tuesday,11:00,12:15
Tuesday,12:40,13:55
Tuesday,14:10,15:25
Tuesday,15:40,16:45
Tuesday,16:10,17:25
Wednesday,07:45,08:35
Wednesday,08:50,09:40
Wednesday,09:55,10:45
Wednesday,11:00,11:50
Wednesday,12:05,12:55
Wednesday,13:10,14:00
Wednesday,14:15,15:05
Wednesday,15:20,16:10
Wednesday,16:25,17:15
Wednesday,17:30,18:20
Thursday,08:00,09:15
Thursday,09:30,10:45
Thursday,11:00,12:15
Thursday,12:40,13:55
Thursday,14:10,15:25
Thursday,15:40,16:45
Thursday,16:10,17:25
Friday,07:45,08:35
Friday,08:50,09:40
Friday,09:55,10:45
Friday,11:00,11:50
Friday,12:05,12:55
Friday,13:10,14:00
Friday,14:15,15:05
Friday,15:20,16:10
Friday,16:25,17:15
Friday,17:30,18:20